{"cameraMode":{"drawMode":0,"name":"Shaded","section":"Shading Mode"},"sceneLighting":true,"audioPlay":false,"sceneViewState":{"showFog":true,"showMaterialUpdate":false,"showSkybox":true,"showFlares":true,"showImageEffects":true,"showParticleSystems":true},"in2DMode":false,"pivot":{"x":-1.005002737045288,"y":1.1048564910888672,"z":1.0224273204803467},"rotation":{"x":-0.41351985931396487,"y":0.000546930474229157,"z":-0.00024419036344625056,"w":-0.9105108976364136},"size":5.1625776290893559,"orthographic":false}