{"cameraMode":{"drawMode":0,"name":"Shaded","section":"Shading Mode"},"sceneLighting":true,"audioPlay":false,"sceneViewState":{"showFog":true,"showMaterialUpdate":false,"showSkybox":true,"showFlares":true,"showImageEffects":true,"showParticleSystems":true},"in2DMode":false,"pivot":{"x":2.148371934890747,"y":1.0584230422973633,"z":1.0132392644882203},"rotation":{"x":-0.06032116711139679,"y":0.6819308996200562,"z":-0.05659763142466545,"w":-0.7267402410507202},"size":0.8473789095878601,"orthographic":false}